Workbook

Sheet Dk-Es Jun22 
A1: DINAK | G1: 30012020
A4: CODIGO DK | B4: PVP | C4: DESCRIP_COMERCIAL | D4: EAN13 ANTIGUO | E4: EAN 13 NUEVO | F4: Ø | G4: GAMA
A5: 030912701 | B5: 8.41 | C5: ABRAZ. SOMBRERETE DP 304 Ø125 | D5: 8432630337935 | E5: 8432630337935 | F5: 125 | G5: DP 304-304
A6: 030915701 | B6: 8.81 | C6: ABRAZ. SOMBRERETE DP 304 Ø150 | D6: 8432630337942 | E6: 8432630337942 | F6: 150 | G6: DP 304-304
A7: 030917701 | B7: 9.33 | C7: ABRAZ. SOMBRERETE DP 304 Ø175 | D7: 8432630337959 | E7: 8432630337959 | F7: 175 | G7: DP 304-304
A8: 030920701 | B8: 10.75 | C8: ABRAZ. SOMBRERETE DP 304 Ø200 | D8: 8432630337966 | E8: 8432630337966 | F8: 200 | G8: DP 304-304
A9: 030925701 | B9: 12.9 | C9: ABRAZ. SOMBRERETE DP 304 Ø250 | D9: 8432630337973 | E9: 8432630337973 | F9: 250 | G9: DP 304-304
A10: 030930701 | B10: 14.3 | C10: ABRAZ. SOMBRERETE DP 304 Ø300 | D10: 8432630337980 | E10: 8432630337980 | F10: 300 | G10: DP 304-304
A11: 030935701 | B11: 24.33 | C11: ABRAZ. SOMBRERETE DP 304 Ø350 | D11: 8432630337997 | E11: 8432630337997 | F11: 350 | G11: DP 304-304
A12: 030940701 | B12: 25.8 | C12: ABRAZ. SOMBRERETE DP 304 Ø400 | D12: 8432630338000 | E12: 8432630338000 | F12: 400 | G12: DP 304-304
A13: 030945701 | B13: 28.6 | C13: ABRAZ. SOMBRERETE DP 304 Ø450 | D13: 8432630338017 | E13: 8432630338017 | F13: 450 | G13: DP 304-304
A14: 030912110 | B14: 32.72 | C14: ABRAZ. VIENTOS DP 304 Ø125 | D14: 8432630074694 | E14: 8432630074694 | F14: 125 | G14: DP 304-304
A15: 030915110 | B15: 32.72 | C15: ABRAZ. VIENTOS DP 304 Ø150 | D15: 8432630075691 | E15: 8432630075691 | F15: 150 | G15: DP 304-304
A16: 030917110 | B16: 34.75 | C16: ABRAZ. VIENTOS DP 304 Ø175 | D16: 8432630076681 | E16: 8432630076681 | F16: 175 | G16: DP 304-304
... A55: 030960070 | B55: 51.13 | C55: ABRAZADERA DE UNION DP 304 Ø600 | D55: 8432630086604 | E55: 8432630086604 | F55: 600 | G55: DP 304-304
A56: 030045100 | B56: 219.75 | C56: ADAPTADOR CALDERA Ø450 DA453 | D56: 8432630022701 | E56: 8432630022701 | F56: - | G56: DP 304-304 | H56: =+CONCATENATE(A56,"DW") -> 030045100DW | I56: =+VLOOKUP(H56,[1]España!$A$1:$B$1048576,2,0) -> 219.75
A57: 030050100 | B57: 262.9 | C57: ADAPTADOR CALDERA Ø500 DA503 | D57: 8432630024880 | E57: 8432630024880 | F57: - | G57: DP 304-304 | H57: =+CONCATENATE(A57,"DW") -> 030050100DW | I57: =+VLOOKUP(H57,[1]España!$A$1:$B$1048576,2,0) -> 262.9
A58: 030055100 | B58: 282.55 | C58: ADAPTADOR CALDERA Ø550 DA553 | D58: 8432630027034 | E58: 8432630027034 | F58: - | G58: DP 304-304 | H58: =+CONCATENATE(A58,"DW") -> 030055100DW | I58: =+VLOOKUP(H58,[1]España!$A$1:$B$1048576,2,0) -> 282.55
A59: 030016100 | B59: 40.17 | C59: ADAPTADOR CALDERA Ø600 DA603 | D59: - | E59: - | F59: - | G59: DP 304-304 | H59: 030016100DW | I59: =+VLOOKUP(H59,[1]España!$A$1:$B$1048576,2,0) -> #N/A
A60: 03004516Q | B60: 302.73 | C60: ADAPTADOR DP A SW Ø450 | D60: 8432630612872 | E60: 8432630612872 | F60: 450 | G60: DP 304-304
A61: 03005016Q | B61: 351,12 | C61: ADAPTADOR DP A SW Ø500 | D61: 8432630612865 | E61: 8432630612865 | F61: 500 | G61: DP 304-304
A62: 03005516Q | B62: 421.17 | C62: ADAPTADOR DP A SW Ø550 | D62: 8432630518693 | E62: 8432630518693 | F62: 550 | G62: DP 304-304
A63: 03006016Q | B63: 498.04 | C63: ADAPTADOR DP A SW Ø600 | D63: 8432630792284 | E63: 8432630792284 | F63: 600 | G63: DP 304-304
A64: 03904515PSW | B64: 202.47 | C64: ADAPTADOR SW A DP Ø450 | D64: 8432630739852 | E64: 8432630739852 | F64: 450 | G64: DP 304-304
A65: 03905015PSW | B65: 278.4 | C65: ADAPTADOR SW A DP Ø500 | D65: 8432630562573 | E65: 8432630562573 | F65: 500 | G65: DP 304-304
A66: 03905515PSW | B66: 303.16 | C66: ADAPTADOR SW A DP Ø550 | D66: 8432630518648 | E66: 8432630518648 | F66: 550 | G66: DP 304-304
A67: 03906015PSW | B67: 321.7 | C67: ADAPTADOR SW A DP Ø600 | D67: 8432630792277 | E67: 8432630792277 | F67: 600 | G67: DP 304-304
A68: 030912902 | B68: 75.93 | C68: ANCL. A FORJADO DOBLE 90º DP 304 Ø125 | D68: 8432630353690 | E68: 8432630353690 | F68: 125 | G68: DP 304-304
A69: 030915902 | B69: 77.81 | C69: ANCL. A FORJADO DOBLE 90º DP 304 Ø150 | D69: 8432630353706 | E69: 8432630353706 | F69: 150 | G69: DP 304-304
A70: 030917902 | B70: 80.97 | C70: ANCL. A FORJADO DOBLE 90º DP 304 Ø175 | D70: 8432630363835 | E70: 8432630363835 | F70: 175 | G70: DP 304-304
A71: 030920902 | B71: 83.52 | C71: ANCL. A FORJADO DOBLE 90º DP 304 Ø200 | D71: 8432630363415 | E71: 8432630363415 | F71: 200 | G71: DP 304-304
A72: 030925902 | B72: 87.21 | C72: ANCL. A FORJADO DOBLE 90º DP 304 Ø250 | D72: 8432630363842 | E72: 8432630363842 | F72: 250 | G72: DP 304-304
A73: 030930902 | B73: 90.9 | C73: ANCL. A FORJADO DOBLE 90º DP 304 Ø300 | D73: 8432630360384 | E73: 8432630360384 | F73: 300 | G73: DP 304-304
... A81: 030915901 | B81: 40.96 | C81: ANCL. A FORJADO PLANO DP 304 Ø150 | D81: 8432630179689 | E81: 8432630179689 | F81: 150 | G81: DP 304-304
A82: 030917901 | B82: 42,62 | C82: ANCL. A FORJADO PLANO DP 304 Ø175 | D82: 8432630179696 | E82: 8432630179696 | F82: 175 | G82: DP 304-304
A83: 030920901 | B83: 43.96 | C83: ANCL. A FORJADO PLANO DP 304 Ø200 | D83: 8432630179702 | E83: 8432630179702 | F83: 200 | G83: DP 304-304
A84: 030925901 | B84: 45.88 | C84: ANCL. A FORJADO PLANO DP 304 Ø250 | D84: 8432630179719 | E84: 8432630179719 | F84: 250 | G84: DP 304-304
A85: 030930901 | B85: 47.84 | C85: ANCL. A FORJADO PLANO DP 304 Ø300 | D85: 8432630179726 | E85: 8432630179726 | F85: 300 | G85: DP 304-304
A86: 030935901 | B86: 50.5 | C86: ANCL. A FORJADO PLANO DP 304 Ø350 | D86: 8432630179733 | E86: 8432630179733 | F86: 350 | G86: DP 304-304
A87: 030940901 | B87: 52.77 | C87: ANCL. A FORJADO PLANO DP 304 Ø400 | D87: 8432630179740 | E87: 8432630179740 | F87: 400 | G87: DP 304-304
A88: 030945901 | B88: 54.72 | C88: ANCL. A FORJADO PLANO DP 304 Ø450 | D88: 8432630179757 | E88: 8432630179757 | F88: 450 | G88: DP 304-304
A89: 030950901 | B89: 60.35 | C89: ANCL. A FORJADO PLANO DP 304 Ø500 | D89: 8432630205036 | E89: 8432630205036 | F89: 500 | G89: DP 304-304
A90: 030955901 | B90: 66.38 | C90: ANCL. A FORJADO PLANO DP 304 Ø550 | D90: 8432630279846 | E90: 8432630279846 | F90: 550 | G90: DP 304-304
A91: 030960901 | B91: 75.42 | C91: ANCL. A FORJADO PLANO DP 304 Ø600 | D91: 8432630307495 | E91: 8432630307495 | F91: 600 | G91: DP 304-304
A92: 030912086 | B92: 32.72 | C92: ANCL. INTERM. PLANO DP 304 Ø125 | D92: 8432630074595 | E92: 8432630074595 | F92: 125 | G92: DP 304-304
A93: 030915086 | B93: 33.79 | C93: ANCL. INTERM. PLANO DP 304 Ø150 | D93: 8432630075592 | E93: 8432630075592 | F93: 150 | G93: DP 304-304
A94: 030917086 | B94: 34.75 | C94: ANCL. INTERM. PLANO DP 304 Ø175 | D94: 8432630076582 | E94: 8432630076582 | F94: 175 | G94: DP 304-304
... A115: 030960080 | B115: 81.83 | C115: ANCL. INTERMEDIO DP 304 Ø600 | D115: 8432630086666 | E115: 8432630086666 | F115: 600 | G115: DP 304-304
A116: 060912835 | B116: 114,59 | C116: ANCL. RECORT. CORTO DP 304 Ø125 | D116: 8432630296416 | E116: 8432630296416 | F116: 125 | G116: DP 304-304
A117: 060915835 | B117: 118.18 | C117: ANCL. RECORT. CORTO DP 304 Ø150 | D117: 8432630296669 | E117: 8432630296669 | F117: 150 | G117: DP 304-304
A118: 060917835 | B118: 121.73 | C118: ANCL. RECORT. CORTO DP 304 Ø175 | D118: 8432630302445 | E118: 8432630302445 | F118: 175 | G118: DP 304-304
A119: 060920835 | B119: 132.56 | C119: ANCL. RECORT. CORTO DP 304 Ø200 | D119: 8432630292579 | E119: 8432630292579 | F119: 200 | G119: DP 304-304
A120: 060925835 | B120: 150.41 | C120: ANCL. RECORT. CORTO DP 304 Ø250 | D120: 8432630291114 | E120: 8432630291114 | F120: 250 | G120: DP 304-304
A121: 060930835 | B121: 171.84 | C121: ANCL. RECORT. CORTO DP 304 Ø300 | D121: 8432630291725 | E121: 8432630291725 | F121: 300 | G121: DP 304-304
A122: 060935835 | B122: 200.56 | C122: ANCL. RECORT. CORTO DP 304 Ø350 | D122: 8432630294870 | E122: 8432630294870 | F122: 350 | G122: DP 304-304
A123: 060940835 | B123: 214.81 | C123: ANCL. RECORT. CORTO DP 304 Ø400 | D123: 8432630301448 | E123: 8432630301448 | F123: 400 | G123: DP 304-304
A124: 060945835 | B124: 243.43 | C124: ANCL. RECORT. CORTO DP 304 Ø450 | D124: 8432630292456 | E124: 8432630292456 | F124: 450 | G124: DP 304-304
A125: 060950835 | B125: 250.57 | C125: ANCL. RECORT. CORTO DP 304 Ø500 | D125: 8432630291817 | E125: 8432630291817 | F125: 500 | G125: DP 304-304
A126: 060955835 | B126: 257.79 | C126: ANCL. RECORT. CORTO DP 304 Ø550 | D126: 8432630294733 | E126: 8432630294733 | F126: 550 | G126: DP 304-304
A127: 060960835 | B127: 286.43 | C127: ANCL. RECORT. CORTO DP 304 Ø600 | D127: 8432630303237 | E127: 8432630303237 | F127: 600 | G127: DP 304-304
A128: 060912836 | B128: 121.73 | C128: ANCL. RECORT. CORTO PLANO DP 304 Ø125 | D128: 8432630303244 | E128: 8432630303244 | F128: 125 | G128: DP 304-304
... A161: 060950846 | B161: 343.62 | C161: ANCL. RECORT. LARGO PLANO DP 304 Ø500 | D161: 8432630303374 | E161: 8432630303374 | F161: 500 | G161: DP 304-304
A162: 060955846 | B162: 351,95 | C162: ANCL. RECORT. LARGO PLANO DP 304 Ø550 | D162: 8432630303381 | E162: 8432630303381 | F162: 550 | G162: DP 304-304
A163: 060960846 | B163: 384.53 | C163: ANCL. RECORT. LARGO PLANO DP 304 Ø600 | D163: 8432630303398 | E163: 8432630303398 | F163: 600 | G163: DP 304-304
A164: 030912083 | B164: 36.18 | C164: ANCL. REGUL. CORTO DP 304 Ø125 | D164: 8432630074540 | E164: 8432630074540 | F164: 125 | G164: DP 304-304
A165: 030915083 | B165: 37.16 | C165: ANCL. REGUL. CORTO DP 304 Ø150 | D165: 8432630075547 | E165: 8432630075547 | F165: 150 | G165: DP 304-304
A166: 030917083 | B166: 37.91 | C166: ANCL. REGUL. CORTO DP 304 Ø175 | D166: 8432630076537 | E166: 8432630076537 | F166: 175 | G166: DP 304-304
A167: 030920083 | B167: 39.9 | C167: ANCL. REGUL. CORTO DP 304 Ø200 | D167: 8432630077787 | E167: 8432630077787 | F167: 200 | G167: DP 304-304
A168: 030925083 | B168: 45.26 | C168: ANCL. REGUL. CORTO DP 304 Ø250 | D168: 8432630079217 | E168: 8432630079217 | F168: 250 | G168: DP 304-304
A169: 030930083 | B169: 51.74 | C169: ANCL. REGUL. CORTO DP 304 Ø300 | D169: 8432630080367 | E169: 8432630080367 | F169: 300 | G169: DP 304-304
A170: 030935083 | B170: 60.34 | C170: ANCL. REGUL. CORTO DP 304 Ø350 | D170: 8432630081609 | E170: 8432630081609 | F170: 350 | G170: DP 304-304
A171: 030940083 | B171: 64.63 | C171: ANCL. REGUL. CORTO DP 304 Ø400 | D171: 8432630082743 | E171: 8432630082743 | F171: 400 | G171: DP 304-304
A172: 030912831 | B172: 36.18 | C172: ANCL.REGUL.CORT.PLANO DP 304 Ø125 | D172: 8432630343707 | E172: 8432630343707 | F172: 125 | G172: DP 304-304
A173: 030915831 | B173: 37.16 | C173: ANCL.REGUL.CORT.PLANO DP 304 Ø150 | D173: 8432630308324 | E173: 8432630308324 | F173: 150 | G173: DP 304-304
A174: 030917831 | B174: 37.91 | C174: ANCL.REGUL.CORT.PLANO DP 304 Ø175 | D174: 8432630306030 | E174: 8432630306030 | F174: 175 | G174: DP 304-304
... A279: 030150060 | B279: 280.55 | C279: COL. HOLLÍN DP 304/304 Ø500 | D279: 8432630058281 | E279: 8432630058281 | F279: 500 | G279: DP 304-304
A280: 030155060 | B280: 298,94 | C280: COL. HOLLÍN DP 304/304 Ø550 | D280: 8432630060284 | E280: 8432630060284 | F280: 550 | G280: DP 304-304
A281: 030160060 | B281: 323,86 | C281: COL. HOLLÍN DP 304/304 Ø600 | D281: 8432630062219 | E281: 8432630062219 | F281: 600 | G281: DP 304-304
A282: 031912060 | B282: 24,55 | C282: COL. HOLLÍN DP 316L Ø125 | D282: 8432630179351 | E282: 8432630179351 | F282: 125 | G282: DP 304-304
A283: 031915060 | B283: 26,60 | C283: COL. HOLLÍN DP 316L Ø150 | D283: 8432630116462 | E283: 8432630116462 | F283: 150 | G283: DP 304-304
A284: 031917060 | B284: 30,69 | C284: COL. HOLLÍN DP 316L Ø175 | D284: 8432630792420 | E284: 8432630792420 | F284: 175 | G284: DP 304-304
A285: 031920060 | B285: 34,75 | C285: COL. HOLLÍN DP 316L Ø200 | D285: 8432630218784 | E285: 8432630218784 | F285: 200 | G285: DP 304-304
A286: 031925060 | B286: 40,91 | C286: COL. HOLLÍN DP 316L Ø250 | D286: 8432630118596 | E286: 8432630118596 | F286: 250 | G286: DP 304-304
A287: 031930060 | B287: 51,13 | C287: COL. HOLLÍN DP 316L Ø300 | D287: 8432630792437 | E287: 8432630792437 | F287: 300 | G287: DP 304-304
A288: 03091213A | B288: 53,21 | C288: CUBREAGUAS DP 304 Ø125 | D288: 8432630557432 | E288: 8432630557432 | F288: 125 | G288: DP 304-304
A289: 03091513A | B289: 57,30 | C289: CUBREAGUAS DP 304 Ø150 | D289: 8432630557449 | E289: 8432630557449 | F289: 150 | G289: DP 304-304
A290: 03091713A | B290: 58,19 | C290: CUBREAGUAS DP 304 Ø175 | D290: 8432630557456 | E290: 8432630557456 | F290: 175 | G290: DP 304-304
A291: 03092013A | B291: 59,31 | C291: CUBREAGUAS DP 304 Ø200 | D291: 8432630557463 | E291: 8432630557463 | F291: 200 | G291: DP 304-304
... A299: 03096013A | B299: 172,18 | C299: CUBREAGUAS DP 304 Ø600 | D299: 8432630557555 | E299: 8432630557555 | F299: 600 | G299: DP 304-304
A300: 030112123 | B300: 670.54 | C300: ESTABILIZADOR DE TIRO ANTIEXPLOSIÓN Ø125 | D300: 8432630040064 | E300: 8432630040064 | F300: 125 | G300: DP 304-304
A301: 030115123 | B301: 680.3 | C301: ESTABILIZADOR DE TIRO ANTIEXPLOSIÓN Ø150 | D301: 8432630042099 | E301: 8432630042099 | F301: 150 | G301: DP 304-304
A302: 030117123 | B302: 690.06 | C302: ESTABILIZADOR DE TIRO ANTIEXPLOSIÓN Ø175 | D302: 8432630044208 | E302: 8432630044208 | F302: 175 | G302: DP 304-304
A303: 030120123 | B303: 760.62 | C303: ESTABILIZADOR DE TIRO ANTIEXPLOSIÓN Ø200 | D303: 8432630046332 | E303: 8432630046332 | F303: 200 | G303: DP 304-304
A304: 030112122 | B304: 394.44 | C304: ESTABILIZADOR TIRO DP 304/304 Ø125-150 | D304: 8432630040057 | E304: 8432630040057 | F304: 125 | G304: DP 304-304
A305: 030115122 | B305: 325,49 | C305: ESTABILIZADOR TIRO DP 304/304 Ø150-150 | D305: 8432630042082 | E305: 8432630042082 | F305: 150 | G305: DP 304-304
A306: 0301B5122 | B306: 405.93 | C306: ESTABILIZADOR TIRO DP 304/304 Ø175-150 | D306: 8432630044192 | E306: 8432630820901 | F306: 175 | G306: DP 304-304
A307: 0301DZ122 | B307: 405.93 | C307: ESTABILIZADOR TIRO DP 304/304 Ø175-180 | D307: 8432630819189 | E307: 8432630819189 | F307: 175 | G307: DP 304-304
A308: 030120122 | B308: 517,31 | C308: ESTABILIZADOR TIRO DP 304/304 Ø200-150 | D308: 8432630046325 | E308: 8432630046325 | F308: 200 | G308: DP 304-304
A309: 030125122 | B309: 677,06 | C309: ESTABILIZADOR TIRO DP 304/304 Ø250-180 | D309: 8432630048558 | E309: 8432630048558 | F309: 250 | G309: DP 304-304
A310: 030130122 | B310: 693,35 | C310: ESTABILIZADOR TIRO DP 304/304 Ø300-180 | D310: 8432630050735 | E310: 8432630050735 | F310: 300 | G310: DP 304-304
...
